/*
Navicat MySQL Data Transfer

Source Server         : 阿里云docker
Source Server Version : 50729
Source Host           : 123.57.128.164:3307
Source Database       : db04

Target Server Type    : MYSQL
Target Server Version : 50729
File Encoding         : 65001

Date: 2020-03-14 22:31:40
*/

SET FOREIGN_KEY_CHECKS=0;

-- ----------------------------
-- Table structure for comment
-- ----------------------------
DROP TABLE IF EXISTS `comment`;
CREATE TABLE `comment` (
  `commentId` int(11) NOT NULL AUTO_INCREMENT,
  `content` varchar(1024) DEFAULT NULL,
  `commentDate` date DEFAULT NULL,
  `phoneNum` varchar(16) DEFAULT NULL,
  `museumId` int(11) DEFAULT NULL,
  PRIMARY KEY (`commentId`)
) ENGINE=InnoDB AUTO_INCREMENT=11 DEFAULT CHARSET=utf8;

-- ----------------------------
-- Records of comment
-- ----------------------------
INSERT INTO `comment` VALUES ('1', '非常好', '2020-02-25', '13212345678', '1');
INSERT INTO `comment` VALUES ('2', '不错', '2020-02-24', '13312345678', '1');
INSERT INTO `comment` VALUES ('3', 'OK', '2020-02-23', '12312345678', '1');
INSERT INTO `comment` VALUES ('4', 'OK', '2020-02-24', '12312345678', '1');
INSERT INTO `comment` VALUES ('5', 'OK', '2020-02-13', '12312345678', '1');
INSERT INTO `comment` VALUES ('6', 'OK', '2020-02-16', '13212345678', '1');
INSERT INTO `comment` VALUES ('7', 'hello', '2020-02-28', '13512345678', '1');
INSERT INTO `comment` VALUES ('8', 'world', '2020-02-28', '13512345678', '1');
INSERT INTO `comment` VALUES ('9', '非常好', '2020-02-28', '13512345678', '1');
INSERT INTO `comment` VALUES ('10', '不错不错', '2020-02-28', '13512345678', '1');

-- ----------------------------
-- Table structure for district
-- ----------------------------
DROP TABLE IF EXISTS `district`;
CREATE TABLE `district` (
  `districtId` int(11) NOT NULL AUTO_INCREMENT,
  `name` varchar(16) DEFAULT NULL,
  PRIMARY KEY (`districtId`)
) ENGINE=InnoDB AUTO_INCREMENT=8 DEFAULT CHARSET=utf8;

-- ----------------------------
-- Records of district
-- ----------------------------
INSERT INTO `district` VALUES ('1', '东城');
INSERT INTO `district` VALUES ('2', '西城');
INSERT INTO `district` VALUES ('3', '朝阳');
INSERT INTO `district` VALUES ('4', '海淀');
INSERT INTO `district` VALUES ('5', '石景山');
INSERT INTO `district` VALUES ('6', '丰台');
INSERT INTO `district` VALUES ('7', '其它');

-- ----------------------------
-- Table structure for museum
-- ----------------------------
DROP TABLE IF EXISTS `museum`;
CREATE TABLE `museum` (
  `museumId` int(11) NOT NULL AUTO_INCREMENT,
  `museumName` varchar(64) DEFAULT NULL,
  `museumInfo` varchar(1024) DEFAULT NULL,
  `museumDesc` text,
  `capacity` int(11) DEFAULT NULL,
  `image` varchar(255) DEFAULT NULL,
  `dayOff` int(11) DEFAULT NULL,
  `districtId` int(11) DEFAULT NULL,
  PRIMARY KEY (`museumId`)
) ENGINE=InnoDB AUTO_INCREMENT=15 DEFAULT CHARSET=utf8;

-- ----------------------------
-- Records of museum
-- ----------------------------
INSERT INTO `museum` VALUES ('1', '中国历史博物馆', '行车路线：乘1/2/4/17/20/52/57/802路到天安门或乘地铁到天安门/前门下车<br/>\r\n所在区县：东城区<br/>\r\n景点位置：北京市天安门广场东侧<br/>\r\n开放时间：每周二休息/每天9:00-16:00<br/>\r\n联系电话：010-65128986\r\n', '<p>　　中国历史博物馆位于北京天安门广场东侧, 是中国建立的第一座国家博物馆。1911年辛亥革命爆发, 推翻了中国漫长的封建帝制。 1912年中华民国成立后, 立即决定建立近代化的国立博物馆。</p>\r\n<p>　　最初馆址设在明清时期的太学—国子监, 后迁至天安门内午门以及午门与端门间的东西朝房。到1926年10月正式对外开放时, 已收藏文物20余万件, 共有10个陈列室, 展出历史文物和艺术品2000余件。</p>\r\n<p>　　1958年8月, 中国政府决定在天安门广场东侧新建国家博物馆, 1959年10月建成, 即现在的中国历史博物馆和中国革命博物馆。整座建筑由南北两部分组成, 总占地面积45000平方米, 外观呈长方形, 正好和对面的人民大会堂相对称, 博物馆的正面有24根高大的方形廊柱构成雄伟的西门长廊。整个建筑色调典雅, 巍峨庄严, 是天安门广场的组成部分。馆名系郭沫若先生题写。</p>\r\n<p>　　中国历史博物馆新馆建成后，从全国各地调集了大量的传世和出土文物精品。现有文物藏品30余万件, 其中一级文物2000多件，文物照片10多万张, 图书馆藏专业书籍20多万册。馆内文物保护技术设施较为完备, 有一个现代化的实验室和文物修复技术室。承担着青铜器的保护、书画装裱、纸张的保护、壁画彩塑保护、古建筑和民族文物的保护、文物与环境、文物复制技术等工作。</p>', '2000', '/images/m1.jpg', '1', '1');
INSERT INTO `museum` VALUES ('2', '中国革命博物馆', '行车路线：乘1/2/4/17/20/52/57/802路到天安门或乘地铁到天安门/前门下车<br/>\r\n所在区县：东城区<br/>\r\n景点位置：北京市天安门广场东侧<br/>\r\n开放时间：每周二休息/每天9:00-16:00<br/>\r\n联系电话：010-65263355', '<p>　　中国革命博物馆位于天安门广场东侧。它是收藏中国近、现代历史文物和资料，研究、展示和宣传中国近代史、现代史的国家级博物馆。</p>\r\n<p>　　中国革命博物馆占地面积46000平方米，建筑面积32500平方米，基本陈列为“近代中国陈列”，它部分真实地再现了从1840年鸭片战争以来中国人民反对西方列强入侵、推翻封建统治，最终建立中华人民共和国的斗争历程。展览的《当代中国》部分反映了在中华人民共和国成立以后中国人民在进行社会主义革命和建设过程中的曲折经历，如“大跃进”和“文化大革命”的过程，以及1978年进行“改革开放”以后所取得的伟大成就。陈列共分十部分内容：中国半封建半殖民地社会开始；近代工业的产生，边疆危机；民族危机加深，戊戌变法；辛亥革命；捍卫共和国的斗争，新文化运动的兴起；五四运动，新民主主义革命的开端；国民革命，推翻北洋军阀的统治；土地革命，抗日民主运动的发展；全民抗战，打败日本帝国主义的侵略；解放战争，民主革命的胜利。“近代中国陈列”坚持实事求是的原则，以其鲜明的主题，独到的陈列体系，丰富的实物，生动多样的陈列手法，简练的陈列文字（中英文对照），吸引着广大的国内外观众。除基本陈列外，中国革命博物馆还经常配合重大的纪念活动或适应社会的需要举办各种临时展览，这些成功的展览在社会上产生了很大的影响，深受群众欢迎。</p>\r\n<p>　　中国历史博物馆与中国革命博物馆在同一座建筑内，展出面积5000平方米。展览以极为丰富的实物和图片展现了中国从原始奴隶社会到清朝末年的社会发展进程。</p>', '2000', '/images/m1.jpg', '2', '1');
INSERT INTO `museum` VALUES ('3', '中国地质博物馆', '行车路线：乘13/22/101/102/103/105/109/808路车到西四站下车<br/>\r\n所在区县：西城区<br/>\r\n景点位置：北京市西城区西四羊肉胡同15号<br/>\r\n开放时间：每周一休息/每天9:00-16:00<br/>\r\n联系电话：010-66176387', '<p>　　中国地质博物馆坐落在西四羊肉胡同，是我国规模最大、成立最早的全国性地学博物馆，也是亚洲最大的综合性地学馆。</p>\r\n<p>　　1959年10月正式开馆。该馆前身可追溯到1916年农商部地质调查所刨建的地质矿产陈列室。馆舍为一座平面呈L型的六层灰色楼房，总面积10000平方米。馆内基本陈列由“矿产资源”、“地球史”、“地层古生物”、“矿物岩石”“宝石”等几部分组成。</p>\r\n<p>　　藏品丰富，品种齐全，共有中外各种类型地质标本10万余件，其中不乏古今中外地质珍品，还有不少国宝级珍品，如世界上最高的恐龙化石－－巨型山东龙，对研究鸟类起源有重要价值的原始鸟化石及在周口店发掘出的石器、石珠、骨针等。展览通过矿物岩石的性质构造及其成因、地质演化史以及自然环境的变迁与古生物的演化过程，展示了一幅宏伟的地球史画卷。地壳运动、火山爆发、大陆漂移，这一切表明地球是一个有生命的买体，它不仅孕育了万物生灵，还奉献给人类无尽的宝藏。这里还拥有一个汇集奇珍异宝的殿堂，它不仅使你领略到金刚石、猫眼石、祖母绿、和阗玉等宝石的熠熠风采，而且为你揭示了宝石的迷人所在－－光学效应。</p>\r\n<p>　　中国地质博物馆不仅让人们认识到祖国地大物博、矿产丰富，同时也让人们认识到珍惜自然资源，保护自然资源，更好地利用自然资源的重要性。</p>', '800', '/images/m1.jpg', '3', '1');
INSERT INTO `museum` VALUES ('4', '中国古代建筑博物馆', '行车路线：乘15路车到南纬路下车，乘17/20/36/54路到天桥商场站下车，沿南纬路向西<br/>\r\n所在区县：西城区<br/>\r\n景点位置：北京市西城区先农坛东经路21号<br/>\r\n开放时间：每周一休息/每天9:00-16:00<br/>\r\n联系电话：010-63172150/010-63172151', '<p>　　中国古代建筑博物馆坐落在北京先农坛内，是一座以收藏、保管、研究、展示中国古代建筑史、古建文化、古建技术为主要内容的专题性博物馆，于1991年9月正式向社会开放。</p>\r\n<p>　　先农坛始建于明代，明清两朝的皇帝于每年春日率百官来此，亲自手执耒耜在著名的“一亩三分地”藉田，并祭祀先农，同时发市“藉田诏”，以告示天下，劝农耕作。</p>\r\n<p>　　先农坛包括太岁殿、神厨、具服殿、宰牲亭、观耕台等建筑，1979年被列为市级文物保护单位。太岁殿是先农坛最雄伟的一组建筑，坐北朝南，面阔七间，黑琉璃筒瓦绿色剪边，歇山顶，和玺彩画，殿前三出台阶。太岁殿东西庑殿，各面阔十一间。南面是拜殿，亦面阔七间，与太岁殿相对。北京古代建筑博物馆的展览主要集中在这组建筑内。 博物馆的主要展览有“古坛掠影－先农坛史料图开展”和“中国古代建筑技术发展简史”。中国古代建筑在世界建筑史上占有重要地位，展览通过照片、实物、模型形象地介绍了中国古建筑技术形成、发展的历史及独到的美学价值，反映了我国劳动人民的聪明智慧和高超的建筑技艺。</p>', '1000', '/images/m1.jpg', '4', '1');
INSERT INTO `museum` VALUES ('5', '中国古动物馆', '行车路线：乘7/15/19/27/45/102/103/107/111/331/334/347/708/814/特5路到动物园<br/>\r\n所在区县：西城区<br/>\r\n景点位置：北京市西城区西直门外大街142号<br/>\r\n开放时间：每周三休息/每天9:00-16:00<br/>\r\n联系电话：010-68330912', '<p>　　中国古动物馆位于西直门外大街，属自然科学类专题博物馆，1994年10月正式开放。它是一座系统介绍脊椎动物起源和系统发育的国家级博物馆。</p>\r\n<p>　　地球已经历45亿年的历史，自原始生命在地球上出现至今也有35亿年的历史，在几十亿年的生物演化过程中，究竟有多少生物在地球上出现过？他们曾是什么样子？它们的生存环境如何呢？步入展厅，件件化石跃入视野，该馆拥有全国各地区各门类脊椎动物的化石标本20余万件。基本陈列由“恐龙世界（电子机械模拟）”、“古鱼类馆”、“古爬行动物馆”、“哺乳动物馆”等四部分组成，通过实物和其它展示手段，向观众系统地介绍了史前脊椎动物的起源及其进化历史，展示我国在各个时期沉积的海陆相地层中保存的古脊椎动物化石及在这一科学领域中的研究成果。从鱼形的原始无颔类到硬骨鱼类和软骨类，从两栖类到爬行动物类，从空前繁盛的恐龙王国到哺乳动物开始统治世界，直至古猿进化为智人，形形色色的化石轮流登场，清晰地勾勒出脊椎动物发展的脉络。</p>\r\n<p>　　你想了解古生物的发展历程吗？古生物馆将带您跨越历史的长河，去探索自然界的奥秘。</p>', '3000', '/images/m1.jpg', '5', '2');
INSERT INTO `museum` VALUES ('6', '北京自然博物馆', '行车路线：乘2/17/20/25/35/105/106/110路车到天桥站下车<br/>\r\n所在区县：东城区<br/>\r\n景点位置：北京市东城区天桥南大街126号<br/>\r\n开放时间：每周四休息/每天9:00-16:00<br/>\r\n联系电话：010-67023096/010-67024431', '<p>　　北京自然博物馆位于北京市崇文区天桥南大街，是建国后创建的第一座自然科学类综合博物馆，1959年10月1日正式对外开放。</p>\r\n<p>　　自然博物馆有四个基本陈列和一个恐龙世界博览。馆藏文物、化石、标本10余万件，大型整体古哺乳动物化石数量居世界第二，黄河古象化石、恐龙化石名扬海内外。“动物陈列”按系统发育顺序展示了现生主要动物类群，反映了动物界从单细胞到多细胞、从水生到陆生、从简单到复杂的演化历程。“植物陈列”展示了原核生物的细菌、蓝菌，真核生物的藻类、真菌、裸子植物、被子植物等的大量标本及生态照片，展现了诸位的多样性，再现了植物演化的历程，反映了植物对动物、人类的生存所具有的不可缺少的作用。“古生物陈列”蹋着史前生命的足迹，通过大量的化石标本展示了脊椎动物从水生到陆生、由变温到恒温、由卵生到胎生的演化历程。“人之由来陈列”展示了由猿到人的历史进程，以及个体的人十月怀胎的诞生过程，勾画出人类自身的发展轨迹。“恐龙世界”利用高科技手段将恐龙复原，配以声光电，让观众仿佛回到了亿万年前的远古生态环境中，因而成为孩子们的乐园。</p>\r\n<p>　　人类拥有地球，地球养育了世间的万物生灵。热爱我们的家园，就必须用科学的态度和方法了解这块热土上的自然历史变迁。自然博物馆，将帮助人们重溯自然界的轨迹。</p>', '5000', '/images/m1.jpg', '6', '3');
INSERT INTO `museum` VALUES ('7', '中国人民革命军事博物馆', '行车路线：乘地铁或1/4/21/57/65/320/337/802/特1路车到军事博物馆站下车<br/>\r\n所在区县：海淀区<br/>\r\n景点位置：北京市海淀区复兴路9号<br/>\r\n开放时间：每周四休息/每天9:00-16:00<br/>\r\n联系电话：010-68514441', '<p>　　中国人民革命军事博物馆位于北京复兴门外大街玉渊潭公园南，属社科类综合性军事历史博物馆，1960年“八·一”建军节正式开馆。该馆建筑坐北朝南，气势宏伟，巍峨壮观，主楼中央7层，两翼4层，楼顶塔座承托的“八·一”军徽最为醒目。主楼前有宽阔的广场，两侧苍松翠柏四季常青。</p>\r\n<p>　　馆内基本陈列由“古代、近代战争馆”、“第一次、二次国内革命战争馆”、“抗日战争馆、第三次国内革命战争馆”和“兵器馆”组成，以中国军事历史为主线，展示了五千年来重要的军事事件、人物，论著、科技及兵器发展等内容，同时也展示了现代中国国防建设与人民军队正规化建设的新成就。漫步展厅，仿佛置身于金戈铁马的洪流之中，于兵家智谋、刀枪剑戟、战争风云中处处可见民族文化的精粹和社会历史的变迁。</p>\r\n<p>　　在这里你可以看到成吉思汗弯弓射雕的威武身影和横扫亚欧大陆的蒙古铁骑；领略康熙大帝三战雅克萨的非凡风采和郑成功收复台湾的民族豪情；铭记列强侵略的罪行和鸦片战争失败的惨痛历史教训；体味孙中山先生开创革命事业的艰辛和南昌起义第一枪响的震撼；赞叹工农红军两万五千里长征的惊世壮举和中华儿女艰苦卓绝的抗战历程；叹服毛泽东等老一代革命家在民主主义革命和社会主义建设中的丰功伟绩；感受“三大战役”空前紧张的决战气氛和百万雄师过大江的恢宏气势；而琳琅满目的武器世界和兵器知识介绍使广大青少年产生浓厚的兴趣。军博以其博大恢宏的气势、深沉凝重的氛围直观形象地再现了中国军事历史的宏伟画卷，现已跻身于世界十大军事博物馆的行列。</p>', '2500', '/images/m1.jpg', '7', '4');
INSERT INTO `museum` VALUES ('14', '中华航天博物馆', '行车路线：乘341/377路车到东高地站下车，向南200米中国运载火箭研究院内<br/>\r\n所在区县：丰台区<br/>\r\n景点位置：北京市丰台区南大红门1号<br/>\r\n开放时间：每周四休息/每天9:00-16:00<br/>\r\n联系电话：010-68364456/010-68384457', '<p>　　中华航天博物馆位于丰台区东高地，是目前中国航天技术最大的展示窗口，1992年10月落成开馆。展馆是一座雄伟的现代风格建筑，由序厅、主体大厅、高科技应用成果厅、分类系统专业技术厅几部分组成。</p>\r\n<p>　　“古代航天探索”部分以制做精巧的“浑仪”、“纪限仪”、“象限仪”等天文观测仪器模型及在古代战争中曾大显神威的“神火箭屏”、“一窝蜂”、“火龙出水”等古代“火箭”展品显示了我国古代天文探索的成就，表明了中国是火箭的故乡这一主题。</p>\r\n<p>　　主体大厅内展示着我国自行研制的“长征”系列运载火箭的实物及模型，它们曾多次将国内外卫星送入太空。卫星区中排列着“冈云一号”、“东方红一号”、“东方红二号”等10颗吕类卫星。大厅西部依次排放着运载火箭发动机系列，这是运载火箭的心脏。除此之外，在这里还可以领略到自天外归来的返回式卫星回收舱实物的勃勃英姿，欣赏到著名的“长征二号”捆绑式火箭发射澳星飞行全过程模拟演示的壮观场面。</p>\r\n<p>　　展厅内古代的文明与现代的辉煌交相辉映，展览结尾，布展者独具匠心地模拟出一幅奇妙的月球仙境，在彩灯辉映下意趣盎然，使观众浮想联翩。沿扶梯而上，二层展厅展示了航天高科技成果的推广应用，三层展厅介绍了各分类系统的专业技术。馆内还育设备齐全的学术报告厅，经常开展学术交流活动。</p>\r\n<p>　　自古以采，人类就向往太空，并为此做出过大量的探索。现代航天技术的发展为人类遨游太空提供了可能性手段。航天博物馆更是以高科技手段展示人类航天历程、开展科普教育的良好场所。</p>', '3000', '/images/m1.jpg', '1', '5');

-- ----------------------------
-- Table structure for order
-- ----------------------------
DROP TABLE IF EXISTS `order`;
CREATE TABLE `order` (
  `orderId` int(11) NOT NULL AUTO_INCREMENT,
  `museumId` int(11) DEFAULT NULL,
  `phoneNum` varchar(32) DEFAULT NULL,
  `visitDate` date DEFAULT NULL,
  PRIMARY KEY (`orderId`)
) ENGINE=InnoDB AUTO_INCREMENT=64 DEFAULT CHARSET=utf8;

-- ----------------------------
-- Records of order
-- ----------------------------
INSERT INTO `order` VALUES ('1', '1', '13512345671', '2020-02-20');
INSERT INTO `order` VALUES ('2', '1', '13612345675', '2020-02-20');
INSERT INTO `order` VALUES ('3', '1', '13512345679', '2020-02-21');
INSERT INTO `order` VALUES ('4', '1', '13512345678', '2020-02-21');
INSERT INTO `order` VALUES ('5', '1', '13512345677', '2020-02-21');
INSERT INTO `order` VALUES ('6', '1', '13512345676', '2020-02-21');
INSERT INTO `order` VALUES ('7', '2', '13512345678', '2020-02-21');
INSERT INTO `order` VALUES ('8', '2', '13512345677', '2020-02-21');
INSERT INTO `order` VALUES ('9', '2', '13512345676', '2020-02-21');
INSERT INTO `order` VALUES ('10', '5', '13512345678', '2020-02-21');
INSERT INTO `order` VALUES ('11', '5', '13512345678', '2020-02-21');
INSERT INTO `order` VALUES ('12', '5', '13512345678', '2020-02-21');
INSERT INTO `order` VALUES ('13', '5', '13512345678', '2020-02-21');
INSERT INTO `order` VALUES ('14', '4', '13512345678', '2020-02-21');
INSERT INTO `order` VALUES ('15', '4', '13512345678', '2020-02-21');
INSERT INTO `order` VALUES ('16', '4', '13512345678', '2020-02-21');
INSERT INTO `order` VALUES ('17', '4', '13512345678', '2020-02-21');
INSERT INTO `order` VALUES ('18', '4', '13512345678', '2020-02-21');
INSERT INTO `order` VALUES ('19', '4', '13512345678', '2020-02-21');
INSERT INTO `order` VALUES ('21', '1', '13512345678', '2020-02-21');
INSERT INTO `order` VALUES ('22', '2', '13512345678', '2020-02-21');
INSERT INTO `order` VALUES ('23', '2', '13512345678', '2020-02-21');
INSERT INTO `order` VALUES ('24', '2', '13512345678', '2020-02-21');
INSERT INTO `order` VALUES ('25', '3', '13512345678', '2020-02-21');
INSERT INTO `order` VALUES ('26', '6', '13512345678', '2020-02-21');
INSERT INTO `order` VALUES ('27', '1', '13512345678', '2020-02-22');
INSERT INTO `order` VALUES ('28', '2', '13512345678', '2020-02-22');
INSERT INTO `order` VALUES ('29', '1', '13512345678', '2020-02-25');
INSERT INTO `order` VALUES ('30', '2', '13512345678', '2020-02-25');
INSERT INTO `order` VALUES ('31', '1', '13512345678', '2020-02-25');
INSERT INTO `order` VALUES ('32', '1', '13512345678', '2020-02-25');
INSERT INTO `order` VALUES ('33', '2', '13512345678', '2020-02-25');
INSERT INTO `order` VALUES ('34', '2', '13512345678', '2020-02-25');
INSERT INTO `order` VALUES ('35', '2', '13512345678', '2020-02-25');
INSERT INTO `order` VALUES ('36', '3', '13512345678', '2020-02-25');
INSERT INTO `order` VALUES ('37', '3', '13512345678', '2020-02-25');
INSERT INTO `order` VALUES ('38', '3', '13512345678', '2020-02-25');
INSERT INTO `order` VALUES ('39', '1', '13512345678', '2020-02-25');
INSERT INTO `order` VALUES ('40', '5', '13512345678', '2020-02-25');
INSERT INTO `order` VALUES ('41', '1', '13512345678', '2020-02-26');
INSERT INTO `order` VALUES ('42', '2', '13512345678', '2020-02-27');
INSERT INTO `order` VALUES ('43', '6', '13512345678', '2020-02-26');
INSERT INTO `order` VALUES ('44', '6', '13512345678', '2020-02-26');
INSERT INTO `order` VALUES ('45', '6', '13512345678', '2020-02-26');
INSERT INTO `order` VALUES ('46', '6', '13512345678', '2020-02-26');
INSERT INTO `order` VALUES ('47', '6', '13512345678', '2020-02-26');
INSERT INTO `order` VALUES ('48', '6', '13512345678', '2020-02-26');
INSERT INTO `order` VALUES ('53', '3', '13512345678', '2020-02-28');
INSERT INTO `order` VALUES ('55', '5', '13512345678', '2020-02-28');
INSERT INTO `order` VALUES ('58', '6', '13512345678', '2020-02-28');
